raw_canonical,canonical
Joanne Edge,Jo Edge
Patricia Roche,Pat Roche
Matilda Fiztmaurice,Matilda Fitzmaurice
Matthew Barnard,Matthew J. Barnard
Dominique Lauterberg,Dominique Lauterburg
Roger M Walden,Roger M. Walden
Stephen Albert Desmond,Stephen Desmond
Stephen A.j. Desmond,Stephen Desmond
Umit Yildiz,Ümit Yildiz
Chris O’donnell,Chris O’Donnell
Christina Paine,Christina Jessika Marie Paine
Christine Vie,Christine Viè
Christopher O’Donnell,Chris O’Donnell
Steve Boyce-prison,Steve Boyce
Renee,Renee Prendergast
